<?xml version="1.0" encoding="utf-8"?>
<ApplicationInstallerManifest>
   <DefaultInstallationDirectory>/Applications/Brainomatic/</DefaultInstallationDirectory>
   <ApplicationName>Brainomatic</ApplicationName>
   <ExecutableName>application/Brainomatic.exe</ExecutableName>
   <GUID>9633dbf6-1d17-40f8-a390-de5772bd7cce</GUID>
   <ApplicationIcon>default_icon_48.png</ApplicationIcon>
   <Logo>default_logo.png</Logo>
   <Version>1.0</Version>
   <WelcomePanelText>Brainomatic 1.0
Peter Zeidman
peter.zeidman@ucl.ac.uk</WelcomePanelText>
   <MCRProducts>
      <MCRProduct>
         <ExternalProductIdentifier>35000</ExternalProductIdentifier>
      </MCRProduct>
      <MCRProduct>
         <ExternalProductIdentifier>35001</ExternalProductIdentifier>
      </MCRProduct>
   </MCRProducts>
</ApplicationInstallerManifest>